K,promoted_start_method,d,relegated_policy,validation_accuracy,validation_matches
20,mean_ratings_minus_d,250.0,retain,0.5710526315789474,760
20,mean_ratings_minus_d,300.0,retain,0.5697368421052632,760
20,mean_ratings_minus_d,200.0,retain,0.5684210526315789,760
20,mean_ratings_minus_d,150.0,retain,0.5671052631578948,760
25,mean_ratings_minus_d,300.0,retain,0.5671052631578948,760
15,fixed_1500,,remove,0.5657894736842105,760
15,mean_ratings_minus_d,100.0,retain,0.5657894736842105,760
15,mean_ratings_minus_d,200.0,retain,0.5657894736842105,760
15,mean_ratings_minus_d,250.0,retain,0.5657894736842105,760
10,mean_ratings_minus_d,200.0,retain,0.5644736842105263,760
15,mean_ratings_minus_d,150.0,retain,0.5631578947368421,760
15,mean_ratings_minus_d,300.0,retain,0.5631578947368421,760
25,mean_ratings_minus_d,250.0,retain,0.5631578947368421,760
10,mean_ratings_minus_d,150.0,retain,0.5618421052631579,760
15,mean_ratings_minus_d,100.0,remove,0.5618421052631579,760
20,fixed_1500,,remove,0.5618421052631579,760
20,mean_ratings_minus_d,150.0,remove,0.5618421052631579,760
10,mean_ratings_minus_d,100.0,retain,0.5605263157894737,760
15,mean_ratings_minus_d,0.0,remove,0.5605263157894737,760
20,fixed_1500,,retain,0.5605263157894737,760
20,mean_ratings_minus_d,0.0,retain,0.5605263157894737,760
20,mean_ratings_minus_d,100.0,remove,0.5605263157894737,760
20,mean_ratings_minus_d,100.0,retain,0.5605263157894737,760
25,fixed_1500,,remove,0.5605263157894737,760
10,mean_ratings_minus_d,50.0,remove,0.5592105263157895,760
15,fixed_1500,,retain,0.5592105263157895,760
15,mean_ratings_minus_d,0.0,retain,0.5592105263157895,760
20,mean_ratings_minus_d,50.0,retain,0.5592105263157895,760
25,mean_ratings_minus_d,100.0,remove,0.5592105263157895,760
25,mean_ratings_minus_d,150.0,retain,0.5592105263157895,760
25,mean_ratings_minus_d,200.0,retain,0.5592105263157895,760
10,fixed_1500,,remove,0.5578947368421052,760
10,mean_ratings_minus_d,0.0,remove,0.5578947368421052,760
10,mean_ratings_minus_d,250.0,retain,0.5578947368421052,760
15,mean_ratings_minus_d,50.0,retain,0.5578947368421052,760
15,mean_ratings_minus_d,150.0,remove,0.5578947368421052,760
25,fixed_1500,,retain,0.5578947368421052,760
25,mean_ratings_minus_d,0.0,retain,0.5578947368421052,760
15,mean_ratings_minus_d,50.0,remove,0.5565789473684211,760
20,mean_ratings_minus_d,0.0,remove,0.5565789473684211,760
25,mean_ratings_minus_d,50.0,remove,0.5565789473684211,760
25,mean_ratings_minus_d,50.0,retain,0.5565789473684211,760
25,mean_ratings_minus_d,150.0,remove,0.5565789473684211,760
30,mean_ratings_minus_d,300.0,retain,0.5565789473684211,760
5,mean_ratings_minus_d,50.0,remove,0.5552631578947368,760
10,mean_ratings_minus_d,50.0,retain,0.5552631578947368,760
10,mean_ratings_minus_d,300.0,retain,0.5552631578947368,760
20,mean_ratings_minus_d,50.0,remove,0.5552631578947368,760
25,mean_ratings_minus_d,100.0,retain,0.5552631578947368,760
30,mean_ratings_minus_d,200.0,retain,0.5552631578947368,760
30,mean_ratings_minus_d,250.0,retain,0.5552631578947368,760
40,mean_ratings_minus_d,0.0,remove,0.5552631578947368,760
40,mean_ratings_minus_d,300.0,retain,0.5552631578947368,760
5,mean_ratings_minus_d,50.0,retain,0.5539473684210526,760
5,mean_ratings_minus_d,150.0,remove,0.5539473684210526,760
5,mean_ratings_minus_d,250.0,remove,0.5539473684210526,760
10,fixed_1500,,retain,0.5539473684210526,760
10,mean_ratings_minus_d,0.0,retain,0.5539473684210526,760
10,mean_ratings_minus_d,100.0,remove,0.5539473684210526,760
20,mean_ratings_minus_d,200.0,remove,0.5539473684210526,760
40,mean_ratings_minus_d,50.0,remove,0.5539473684210526,760
40,mean_ratings_minus_d,250.0,retain,0.5539473684210526,760
5,mean_ratings_minus_d,100.0,retain,0.5526315789473685,760
10,mean_ratings_minus_d,150.0,remove,0.5526315789473685,760
15,mean_ratings_minus_d,200.0,remove,0.5526315789473685,760
25,mean_ratings_minus_d,0.0,remove,0.5526315789473685,760
40,mean_ratings_minus_d,200.0,remove,0.5526315789473685,760
5,mean_ratings_minus_d,200.0,remove,0.5513157894736842,760
5,mean_ratings_minus_d,300.0,remove,0.5513157894736842,760
15,mean_ratings_minus_d,250.0,remove,0.5513157894736842,760
30,fixed_1500,,remove,0.5513157894736842,760
30,mean_ratings_minus_d,100.0,remove,0.5513157894736842,760
30,mean_ratings_minus_d,150.0,retain,0.5513157894736842,760
40,mean_ratings_minus_d,100.0,remove,0.5513157894736842,760
40,mean_ratings_minus_d,100.0,retain,0.5513157894736842,760
5,fixed_1500,,remove,0.55,760
5,mean_ratings_minus_d,0.0,remove,0.55,760
5,mean_ratings_minus_d,200.0,retain,0.55,760
20,mean_ratings_minus_d,250.0,remove,0.55,760
30,fixed_1500,,retain,0.55,760
30,mean_ratings_minus_d,0.0,retain,0.55,760
30,mean_ratings_minus_d,50.0,remove,0.55,760
40,fixed_1500,,remove,0.55,760
40,fixed_1500,,retain,0.55,760
40,mean_ratings_minus_d,0.0,retain,0.55,760
40,mean_ratings_minus_d,50.0,retain,0.55,760
40,mean_ratings_minus_d,150.0,retain,0.55,760
40,mean_ratings_minus_d,200.0,retain,0.55,760
40,mean_ratings_minus_d,250.0,remove,0.55,760
5,fixed_1500,,retain,0.5486842105263158,760
5,mean_ratings_minus_d,0.0,retain,0.5486842105263158,760
10,mean_ratings_minus_d,200.0,remove,0.5486842105263158,760
10,mean_ratings_minus_d,250.0,remove,0.5486842105263158,760
10,mean_ratings_minus_d,300.0,remove,0.5486842105263158,760
15,mean_ratings_minus_d,300.0,remove,0.5486842105263158,760
20,mean_ratings_minus_d,300.0,remove,0.5486842105263158,760
25,mean_ratings_minus_d,200.0,remove,0.5486842105263158,760
30,mean_ratings_minus_d,50.0,retain,0.5486842105263158,760
30,mean_ratings_minus_d,100.0,retain,0.5486842105263158,760
30,mean_ratings_minus_d,150.0,remove,0.5486842105263158,760
30,mean_ratings_minus_d,200.0,remove,0.5486842105263158,760
40,mean_ratings_minus_d,150.0,remove,0.5486842105263158,760
5,mean_ratings_minus_d,100.0,remove,0.5473684210526316,760
5,mean_ratings_minus_d,150.0,retain,0.5473684210526316,760
5,mean_ratings_minus_d,300.0,retain,0.5473684210526316,760
25,mean_ratings_minus_d,250.0,remove,0.5473684210526316,760
25,mean_ratings_minus_d,300.0,remove,0.5473684210526316,760
30,mean_ratings_minus_d,0.0,remove,0.5473684210526316,760
40,mean_ratings_minus_d,300.0,remove,0.5473684210526316,760
30,mean_ratings_minus_d,300.0,remove,0.5460526315789473,760
5,mean_ratings_minus_d,250.0,retain,0.5447368421052632,760
30,mean_ratings_minus_d,250.0,remove,0.5421052631578948,760
